{
    "foreground_intensity_properties_per_channel": {
        "0": {
            "max": 255.0,
            "mean": 128.1277618408203,
            "median": 127.0,
            "min": 8.0,
            "percentile_00_5": 33.0,
            "percentile_99_5": 215.0,
            "std": 43.842430114746094
        }
    },
    "median_relative_size_after_cropping": 1.0,
    "shapes_after_crop": [
        [
            1,
            2008,
            3008
        ],
        [
            1,
            2008,
            3008
        ],
        [
            1,
            2008,
            3008
        ],
        [
            1,
            2008,
            3008
        ],
        [
            1,
            2008,
            3008
        ],
        [
            1,
            2008,
            3008
        ],
        [
            1,
            2008,
            3008
        ],
        [
            1,
            2008,
            3008
        ],
        [
            1,
            2008,
            3008
        ],
        [
            1,
            2008,
            3008
        ],
        [
            1,
            2008,
            3008
        ],
        [
            1,
            2008,
            3008
        ],
        [
            1,
            2008,
            3008
        ],
        [
            1,
            2008,
            3008
        ],
        [
            1,
            2008,
            3008
        ]
    ],
    "spacings": [
        [
            999,
            1,
            1
        ],
        [
            999,
            1,
            1
        ],
        [
            999,
            1,
            1
        ],
        [
            999,
            1,
            1
        ],
        [
            999,
            1,
            1
        ],
        [
            999,
            1,
            1
        ],
        [
            999,
            1,
            1
        ],
        [
            999,
            1,
            1
        ],
        [
            999,
            1,
            1
        ],
        [
            999,
            1,
            1
        ],
        [
            999,
            1,
            1
        ],
        [
            999,
            1,
            1
        ],
        [
            999,
            1,
            1
        ],
        [
            999,
            1,
            1
        ],
        [
            999,
            1,
            1
        ]
    ]
}